Symbol,Volume,Market Cap,P/E Ratio,vec0,vec1,vec2,vec3,vec4,Volatility
IPG,0.201483874,0.806973982,0.081780539,0.239826471,0.745115161,1.561770082,-0.729116261,-0.105147704,0.3571
USB,0.162780874,0.862047563,0.095914231,0.25388366,0.791066825,1.811427712,-0.859481812,-0.113065861,0.3354
ETR,0.152475595,0.828159043,0.071237112,0.218468145,0.773046315,1.872523069,-0.916396499,-0.14800854,0.2028
VRSK,0.125203861,0.8458536,0.022838016,0.213323921,0.746491194,1.664182663,-0.802075148,-0.144147545,0.155
MMC,0.060214159,0.882185491,0.035331197,0.280787766,0.922148228,2.00214982,-0.96447289,-0.111174718,0.1266
TRGP,0.154496963,0.825394142,0.044615019,0.234538525,0.805281579,1.860567927,-0.831843734,-0.140445843,0.1958
BAC,0.117123148,0.911068355,0.127285766,0.271008879,0.786053777,1.748373866,-0.878627479,-0.089273147,0.2385
APTV,0.148073018,0.828695418,0.110465123,0.231003344,0.788060129,1.767995834,-0.805826366,-0.158097267,0.2818
HRL,0.106041113,0.822953155,0.049276255,0.286829799,0.765837848,1.760520935,-0.784302652,-0.140238807,0.2634
WELL,0.101061458,0.857391188,0.005904828,0.19105573,0.792930841,1.790434718,-0.845570207,-0.11786259,0.2214
XRAY,0.23267831,0.784539662,0,0.226069093,0.738978386,1.734317541,-0.778305531,-0.133535445,0.2205
GNRC,0.447289263,0.787222372,0.024667566,0.291141421,0.792888641,1.780638933,-0.829138696,-0.153470442,0.6122
PODD,0.433652173,0.805707078,0.011292509,0.206543729,0.161440358,0.460832894,-0.239827007,-0.05004257,0.4424
BG,0.155816676,0.81719636,0.124854014,0.313393772,1.013263345,2.325962305,-1.100429773,-0.238534242,0.2226
WYNN,0.348772771,0.805658827,0,0.230497152,0.659924865,1.470465899,-0.715790927,-0.150790393,0.296
J,0.096377252,0.820888547,0.043733981,0.222215638,0.681921124,1.538557291,-0.717292309,-0.113671564,0.1891
ABBV,0.051895674,0.915309057,0.025839613,0.264274091,0.805242777,1.955221415,-0.911898494,-0.149798974,0.1911
TSN,0.183030222,0.820263961,0.02028485,0.285569668,0.846179485,2.032338381,-0.972945988,-0.160909995,0.2141
CPRT,0.081353511,0.855221418,0.027885028,0.250790566,0.683814645,1.519252896,-0.719263911,-0.068429433,0.2172
NEE,0.145659685,0.888879509,0.065217393,0.230199173,0.907823324,2.057551384,-0.907208443,-0.144272223,0.348
AXON,0.147224211,0.821871441,0.005836746,0.320424706,0.986981273,2.189541101,-0.991152763,-0.13868314,0.3679
MLM,0.12874457,0.838770211,0.039436996,0.182090238,0.758909941,1.643740058,-0.735155702,-0.188049793,0.241
PKG,0.122296185,0.814811043,0.055594694,0.278063893,0.904551744,2.104671717,-0.993451416,-0.168886051,0.2344
VTR,0.117451872,0.8232873,0.000454339,0.23150444,0.798763931,1.960936069,-0.90190351,-0.149901867,0.2649
CEG,0.112782604,0.851545008,0.041343457,0.292570949,1.030493498,2.330260515,-1.072289348,-0.16378732,0.2426
CVS,0.131146953,0.879389621,0.093963635,0.291883439,0.815271437,1.826504111,-0.857292295,-0.107786417,0.2552
COR,0.146603286,0.850882025,0.043142438,0.365698278,0.941799462,2.141114235,-0.955845177,-0.2201024,0.1465
AZO,0.156493492,0.856757463,0.050752963,0.262031466,0.966314316,2.078207731,-1.029489279,-0.189478517,0.2111
GIS,0.160800211,0.849528887,0.062643591,0.253624409,0.751765728,1.697665215,-0.801499486,-0.116997644,0.1668
UPS,0.099464685,0.889980918,0.069320183,0.267802626,0.765874505,1.695459485,-0.811553836,-0.128013119,0.21
BR,0.091805531,0.828802807,0.031639878,0.316900045,0.876461804,1.938888073,-0.892563999,-0.125481948,0.1796
EMR,0.101592124,0.86065549,0.060884951,0.327016175,1.033801079,2.267003536,-1.081037402,-0.196470171,0.1726
AIZ,0.134250515,0.797360842,0.060678246,0.278108954,0.744029582,1.769408822,-0.864875495,-0.108165175,0.1861
UNH,0.060640302,0.939177074,0.043280608,0.28756541,0.975069523,2.25744915,-1.048290133,-0.184026703,0.2056
MSI,0.08143872,0.85998483,0.032051489,0.267799914,0.762556553,1.688743949,-0.802103698,-0.151577652,0.1613
SJM,0.270678921,0.807335212,0,0.285860658,0.841642737,1.997470737,-0.944518209,-0.205888748,0.2101
ETSY,0.621875573,0.793670654,0.0396937,0.231000528,0.570409715,1.427837849,-0.674390316,-0.09749341,0.4703
META,0.19314813,0.956375257,0.035805866,0.278619975,0.829674661,1.850060582,-0.838696301,-0.100062214,0.3141
TAP,0.157680704,0.811558958,0.019664349,0.256307691,0.803239465,1.847722054,-0.885719717,-0.142070755,0.2308
BWA,0.18235362,0.793627229,0.126081581,0.248243362,0.790238976,1.82212472,-0.884318292,-0.133324891,0.282
IBM,0.091004534,0.893792099,0.052286696,0.283913106,0.870892942,1.878322721,-0.885900199,-0.106966496,0.157
JNJ,0.174706109,0.928290297,0.035251081,0.245405391,0.78191638,1.750656009,-0.852500439,-0.169234529,0.1898
FTNT,0.172115881,0.851225623,0.02826433,0.271769017,0.781626701,1.850385666,-0.867098689,-0.159906641,0.5592
AAPL,0.078410695,1,0.034009513,0.248447463,0.837935328,1.87848115,-0.863487303,-0.139010355,0.203
JKHY,0.142970319,0.806486207,0.033013204,0.295886666,0.834641576,1.803873181,-0.823113084,-0.147780359,0.2119
GEHC,0.134780237,0.84356767,0.047863979,0.229950055,0.717184126,1.623591065,-0.749978602,-0.105967723,0.2165
MS,0.101944856,0.891134197,0.073318416,0.240704477,0.871006787,1.954246998,-0.980092943,-0.144150257,0.2489
FANG,0.225735427,0.83903052,0.112008724,0.274227053,0.897094369,2.018333912,-0.982861459,-0.218868583,0.2304
AMAT,0.136293424,0.889797697,0.053040285,0.283480883,0.787437499,1.80751586,-0.837050676,-0.117866874,0.3204
AON,0.073368049,0.868537371,0.040361484,0.19134897,0.722189426,1.592312574,-0.766097248,-0.107748538,0.181
T,0.109002007,0.887170621,0,0.239430651,0.779645622,1.800105453,-0.843672335,-0.133549392,0.311
WBD,0.159783002,0.83186545,0,0.245674461,0.760121763,1.719096899,-0.823078036,-0.155552939,0.4624
TECH,0.131750061,0.800364022,0.02624851,0.313880622,0.920527279,1.896309733,-0.907901645,-0.177524328,0.2706
EQR,0.091149102,0.828933916,0.03124429,0.12816456,0.645566583,1.451538205,-0.703965068,-0.181361809,0.1731
ROK,0.146453466,0.840869788,0.046165215,0.340371311,1.065608144,2.176528692,-1.06281054,-0.139750034,0.2687
LUV,0.245076553,0.815429702,0.033764069,0.184136584,0.776507139,1.794634461,-0.893212497,-0.135076314,0.3006
ESS,0.128823549,0.815191955,0.038125947,0.148822546,0.644155562,1.558235526,-0.750766695,-0.15817143,0.1925
RCL,0.245335654,0.834131933,0.035317544,-0.035806347,0.370386213,0.845210135,-0.547421873,0.04833119,0.32
NTAP,0.175835052,0.819065778,0.072588099,0.258242011,0.925581336,2.020649433,-0.934018075,-0.197313771,0.1629
HBAN,0.20055654,0.817298989,0.144787652,0.316516578,1.075177908,2.49100709,-1.228162527,-0.225601301,0.2594
PARA,0.40683937,0.794061322,0,0.260950416,0.784184456,1.75898838,-0.824709892,-0.101113841,0.4192
EXR,0.140823449,0.835686155,0.05230743,0.172584981,0.718115687,1.734218717,-0.853347778,-0.134679019,0.2834
MDT,0.096539457,0.882062249,0.037233302,0.21636878,0.754665911,1.815406442,-0.86225611,-0.143458679,0.1933
COST,0.078893234,0.915370573,0.024974445,0.233218834,0.760841966,1.726467967,-0.846770823,-0.145762995,0.1485
SBAC,0.160342016,0.833359301,0.020588102,0.238929555,0.766151726,1.822831511,-0.856091022,-0.105946906,0.3215
BK,0.119234801,0.846536869,0.094062706,0.293767422,0.800622523,1.832878113,-0.909078419,-0.125837401,0.2339
MRK,0.053731734,0.917290056,0.017241378,0.283666313,0.932377338,2.063097477,-0.997539163,-0.173349023,0.1848
NDSN,0.077912938,0.81124671,0.038985654,0.299979776,0.873952687,1.997053862,-0.938785017,-0.155240342,0.1704
BX,0.182599875,0.88937808,0.024203308,0.234939039,0.829639554,1.899213672,-0.915334821,-0.146874458,0.3197
LVS,0.12438872,0.849021942,0.017660503,0.258961201,0.868567526,1.988096356,-0.947568476,-0.139955789,0.2892
CHD,0.121108519,0.830186443,0.020311441,0.294692546,0.912638068,2.160095692,-1.010438919,-0.143208444,0.1702
ACN,0.062035697,0.907328878,0.034107354,0.250275522,0.819324553,1.827671528,-0.892013133,-0.095925815,0.186
ALLE,0.171546833,0.799237247,0.061722345,0.226504207,0.755313516,1.706549287,-0.785708427,-0.090102039,0.2512
KVUE,0.491599893,0.848284937,0.029749476,0.277853727,0.837700069,1.834772229,-0.853419363,-0.145070568,0.2761
PH,0.106718423,0.860961988,0.044002334,0.236707583,0.737873435,1.708263993,-0.759917796,-0.105830684,0.248
INTU,0.104041408,0.896543076,0.01652054,0.25031212,0.801041067,1.792186141,-0.819251597,-0.104869552,0.2439
HII,0.134710481,0.79992542,0.057412918,0.305239052,0.855790317,1.979142904,-0.981949151,-0.164246976,0.2338
APD,0.072509522,0.868815067,0.032893472,0.198635429,0.722429752,1.621730208,-0.728679419,-0.124388859,0.2008
DAL,0.290176089,0.830429562,0.157448064,0.189348683,0.67786324,1.563379407,-0.76612848,-0.156396434,0.2578
WMT,0.042926979,0.935092581,0.031771148,0.288886547,0.889751017,1.936672211,-0.945130825,-0.167777687,0.1262
TMO,0.088045752,0.902871307,0.033853537,0.229924202,0.700472116,1.534234881,-0.752990961,-0.096277565,0.2221
TYL,0.10208321,0.822584055,0.008900864,0.252307981,0.958345711,2.023498297,-1.023670197,-0.125635937,0.2445
TROW,0.130941987,0.829388247,0.073476703,0.225476444,0.755008161,1.701546907,-0.822455466,-0.117251948,0.2711
TT,0.106408556,0.859413145,0.039127302,0.269763142,0.796316326,1.835690498,-0.812735379,-0.168575749,0.2354
SYF,0.193456488,0.809886071,0.184174636,0.317674369,0.904118299,2.155857801,-1.006461859,-0.125720084,0.2636
LEN,0.184198402,0.845186188,0.113087363,0.251754791,0.888553321,2.042695761,-0.901313066,-0.146981612,0.2764
MTCH,0.346253076,0.795653494,0.062667561,0.295840055,0.966381431,2.232076645,-1.057255983,-0.170123085,0.33
MRO,0.371625985,0.817461137,0.106237422,0.242296249,0.693272352,1.761422157,-0.774617672,-0.174455523,0.3158
PRU,0.083260454,0.84473286,0.03859301,0.272676915,0.927534819,2.087243319,-1.0010252,-0.155578002,0.1916
WRK,0.236908678,0.801826612,0,0.263206005,0.847175896,2.022395134,-0.922890186,-0.132025018,0.282
PPL,0.16356157,0.825166945,0.041715401,0.309196949,1.026073694,2.288583279,-1.028873563,-0.24805887,0.1972
DLR,0.137534093,0.851473021,0.022187622,0.244088337,0.888108969,1.911879539,-0.861444533,-0.146240041,0.273
NSC,0.109992382,0.854821293,0.046712182,0.208132133,0.74379921,1.744865417,-0.762799203,-0.115793034,0.2232
MAS,0.155794305,0.811197409,0.065756829,0.271946102,0.835777223,1.995332837,-0.93049705,-0.159304097,0.257
PEAK,0.169577577,0.800204954,0.026076411,0.227851495,0.717925012,1.698838472,-0.792640626,-0.130683824,0.236
DIS,0.162776625,0.898446839,0.014674556,0.259993523,0.740002275,1.591966271,-0.797079563,-0.1854022,0.239
NDAQ,0.087572082,0.841093396,0.043486663,0.217500001,0.810559273,1.762123346,-0.80226481,-0.156445548,0.2114
CBRE,0.113057924,0.831658662,0.025429461,0.238925681,0.970859945,2.157078505,-1.042441964,-0.172082648,0.248
LOW,0.093158449,0.887312109,0.053164172,0.271980822,0.894348681,2.047479391,-0.972123146,-0.186632186,0.2029
AME,0.085216688,0.845768696,0.038133875,0.240750551,0.812191129,1.857497931,-0.921246469,-0.123559996,0.1492
RTX,0.145781556,0.889501633,0.026081733,0.262195498,0.823051095,1.793623805,-0.837332368,-0.174750417,0.3136
ZBRA,0.187849852,0.80499572,0.04374152,0.266783208,0.806968033,1.863384724,-0.851786494,-0.155958444,0.4582
IRM,0.109267576,0.822864923,0.015454393,0.303702086,0.885910511,1.904547215,-0.904959798,-0.125985995,0.2032
ETN,0.109891384,0.878444235,0.034237131,0.273345083,0.912697017,2.056612015,-0.999678731,-0.11725577,0.2644
CMCSA,0.095591212,0.901489169,0.085741806,0.244673073,0.824427664,1.832221031,-0.882889986,-0.156225771,0.2375
LIN,0.055093847,0.906000255,0.030566458,0.214764401,0.706800461,1.621066332,-0.775056541,-0.164667428,0.1701
SO,0.076993012,0.873390756,0.039650148,0.209569708,0.841839731,1.921976805,-0.894323587,-0.135676757,0.1861
MGM,0.291053246,0.813588751,0.032858989,0.221313626,0.664102674,1.611116529,-0.813351631,-0.1697063,0.3328
LYV,0.160697692,0.827317028,0.017409231,0.22961314,0.891005039,1.97726953,-0.966767073,-0.180977076,0.2554
MDLZ,0.099282455,0.881066519,0.048536656,0.263652861,0.859278798,1.956790209,-0.925192475,-0.163474679,0.2007
RJF,0.084166167,0.828567811,0.07989535,0.263005883,0.772308052,1.762813091,-0.86494875,-0.106805332,0.2382
AAL,1,0.794509156,0.200666119,0.25634408,0.879054904,1.949841499,-0.938107669,-0.166618362,0.2996
TJX,0.092462199,0.88446326,0.037602303,0.275406092,0.802818,1.713907599,-0.772051156,-0.139205873,0.1471
VRTX,0.079751088,0.883019906,0.034512947,0.22747992,0.64204061,1.504141331,-0.729002297,-0.142923266,0.1809
KHC,0.131653955,0.852109721,0.072656022,0.30989778,0.933365405,2.197710991,-0.966415226,-0.16193299,0.1727
CAH,0.189991264,0.835194318,0.006062384,0.292190284,0.905691206,2.139243364,-0.989187121,-0.172226787,0.1745
CSGP,0.087856255,0.843013482,0.013076128,0.263757169,0.841517568,1.81667161,-0.877177775,-0.121289387,0.2831
IR,0.140277767,0.837249989,0.028160483,0.336785764,0.953357339,2.180398703,-1.01667583,-0.148228362,0.2151
PWR,0.149643503,0.835142171,0.027038171,0.242408082,0.874473393,1.853167653,-0.890784085,-0.13267538,0.2538
AMT,0.093751921,0.878213131,0.00802516,0.225075051,0.827644408,1.900610209,-0.866076946,-0.117434263,0.2859
RMD,0.244874728,0.8310964,0.040395215,0.310920656,0.731687784,1.733686686,-0.821436942,-0.11930339,0.4644
RHI,0.148461041,0.796125564,0.056840715,0.188931897,0.737545431,1.638696432,-0.810692966,-0.142284617,0.2441
IVZ,0.194144514,0.785487713,0.096385542,0.228814766,0.780531347,1.766419888,-0.848821163,-0.15481326,0.3125
ADP,0.075955272,0.880622556,0.037653007,0.27936393,0.90351665,1.974618316,-0.973531067,-0.211366162,0.2379
BRO,0.092348696,0.827782782,0.036866359,0.194287002,0.584126592,1.404579639,-0.684120119,-0.138623029,0.1815
GD,0.08841492,0.868957193,0.049252126,0.300444335,0.894657671,2.003655434,-0.950773716,-0.196184888,0.2084
INTC,0.180648011,0.899612193,0,0.264064759,0.830680847,1.875822544,-0.912440956,-0.129090279,0.3686
WST,0.097568869,0.835941227,0.02134376,0.0212116,0.513581872,0.712049723,-0.492949665,0.14571397,0.2874
EOG,0.095995331,0.872209981,0.107829384,0.251131088,0.773616672,1.728118658,-0.802823365,-0.209114224,0.2648
HST,0.216490975,0.808160035,0.064476133,0.187235177,0.820119321,1.883252859,-0.898848295,-0.156328797,0.2725
FCX,0.143071725,0.85911373,0.042844393,0.250471354,0.827759206,1.922854185,-0.888863385,-0.141954541,0.3101
ORCL,0.07635345,0.922484854,0.03000089,0.31494379,0.897740066,1.958879948,-0.91150403,-0.116829686,0.349
ULTA,0.333721248,0.825948938,0.064947299,0.273939341,0.744433105,1.840348959,-0.819400966,-0.115567803,0.2188
CTLT,0.272809846,0.785976911,0,0.289311349,0.78211695,1.831810117,-0.889397562,-0.104889281,0.3202
CTAS,0.075958502,0.861567611,0.02554959,0.245094165,0.809850156,1.846083403,-0.872832596,-0.150298268,0.1805
BRK.B,0.049536482,0.953774102,0.101270576,0.224825263,0.731081009,1.596733093,-0.782853961,-0.133679122,0.1246
BDX,0.07679565,0.873270134,0.021334792,0,0,0,0,0,0.1894
CI,0.09315101,0.879531781,0.057728115,0.280718088,0.836310148,1.889527202,-0.875879824,-0.136881456,0.2403
ICE,0.089830691,0.866852169,0.039662911,0.243551418,0.845204175,1.863611698,-0.874090135,-0.141047955,0.1621
ITW,0.073380745,0.870453777,0.044757873,0.288354725,0.854652166,1.912408233,-0.883870721,-0.168308794,0.1832
NEM,0.305519128,0.840237074,0,0.201711655,0.612803757,1.473137617,-0.697303891,-0.08337871,0.2947
ROL,0.126433393,0.824288714,0.021790496,0.240742981,0.803131104,1.746710777,-0.78601414,-0.136017531,0.3103
PFG,0.097395531,0.820856738,0.090935421,0.304743379,1.036596179,2.33686471,-1.141874909,-0.156492069,0.2129
NWSA,0.165327905,0.810720974,0.012143859,0.228754267,0.64342916,1.42668581,-0.686995506,-0.105277292,0.235
CPB,0.199015699,0.809502097,0.070275634,0.28062278,0.848235726,2.028526545,-0.974301934,-0.139753252,0.2044
AJG,0.071858349,0.86112505,0.021256667,0.232510597,0.802438915,1.809859872,-0.87070477,-0.121060029,0.1548
HAL,0.155939467,0.846862962,0.073829049,0.253590792,0.898122251,2.189685583,-0.977192163,-0.174033672,0.3023
IDXX,0.11897451,0.847224253,0.022911649,0.262335747,0.862694383,2.035869837,-0.93363893,-0.184162199,0.2925
KIM,0.162493066,0.807881744,0.038398246,0.214830175,0.720219135,1.67126739,-0.782957256,-0.133121952,0.2372
CDAY,0.161615141,0.804549106,0.000447027,0.2967408,0.881029427,1.940867305,-0.932070374,-0.220769569,0.3231
WEC,0.107407547,0.835967344,0.052839511,0.265860349,0.853937447,1.938347459,-0.889017344,-0.110364676,0.191
AMCR,0.108166059,0.81243448,0.07166483,0.269674987,0.710728407,1.667579174,-0.77238065,-0.156221703,0.2119
ELV,0.093364678,0.885440319,0.056995961,0.293673694,0.81285274,1.857062936,-0.877696097,-0.141609594,0.2305
DGX,0.158502236,0.817374052,0.049898855,0.232432514,0.850388646,1.839872003,-0.863688409,-0.185197726,0.2004
FAST,0.116695083,0.845488437,0.033580831,0.262966037,0.907535136,2.046765089,-0.969858944,-0.196077406,0.2033
BAX,0.197856257,0.822301557,0.013215859,0.222518817,0.931353986,2.072139263,-0.958297908,-0.159203812,0.3265
GLW,0.083104175,0.832768212,0.024533139,0.256650299,0.759282589,1.79248929,-0.835442781,-0.128390342,0.1875
GPC,0.141216359,0.825062874,0.06686003,0.24524799,0.736659527,1.754951835,-0.802929759,-0.105870619,0.3112
VICI,0.103560398,0.841084969,0.083566435,0.226901144,0.752174377,1.7716223,-0.842254579,-0.129182085,0.1774
MOS,0.219795593,0.806519951,0.191943848,0.253008395,0.993735075,2.19276619,-1.0238235,-0.197462916,0.341
CARR,0.118944099,0.853615845,0.027674189,0.248187929,0.739434898,1.744564891,-0.840685546,-0.137571037,0.2966
PAYC,0.297207315,0.801770489,0.036353867,0.265466779,0.826644421,1.832881331,-0.846453905,-0.101686805,0.4427
ROP,0.075994503,0.862143397,0.022717489,0.272748381,0.890825033,1.996478558,-0.940340102,-0.204640642,0.1392
KO,0.068726319,0.914757332,0.043440185,0.280531198,0.9386096,2.034105301,-0.953637838,-0.190145716,0.1615
DUK,0.090268012,0.870024413,0.053304665,0.269265562,0.950690806,2.175087929,-1.000528455,-0.143124476,0.1898
TXT,0.14166546,0.817173953,0.060415025,0.290235639,0.914597392,2.072128534,-0.959528565,-0.173611641,0.2702
KEY,0.321824904,0.804858416,0.10904255,0.259567529,0.778581977,1.783455729,-0.912513375,-0.140268475,0.423
CNC,0.123770943,0.849146252,0.064144509,0.262972623,0.784529686,1.69923532,-0.815565884,-0.093045436,0.2589
C,0.187869794,0.875552231,0.150406503,0.310644597,0.98321259,2.186198711,-1.03479445,-0.181939274,0.2057
BIO,0.171718187,0.796883619,0,0.323532194,0.879045367,2.031059027,-0.950968266,-0.165462077,0.3058
BEN,0.119558076,0.808837026,0.072064432,0.250642151,0.722407281,1.677834511,-0.813918233,-0.123984911,0.2502
SEDG,0.956865131,0.771229562,0.053195991,0.187585741,0.387977928,0.798665822,-0.35735178,-0.085880794,0.7594
AVY,0.115262788,0.815999163,0.032917204,0.253125638,0.90115726,2.037843943,-0.896893978,-0.154922724,0.1922
RL,0.417664333,0.793504632,0.066884174,0.281403244,0.854438782,1.93084836,-0.909418881,-0.161397681,0.2387
RSG,0.072105704,0.858346601,0.033224086,0.272849977,0.91926384,1.956338525,-0.921493292,-0.099662155,0.1407
AOS,0.165926769,0.805137553,0.028113579,0.262782186,0.738603055,1.861307502,-0.855644345,-0.11960762,0.2409
CHTR,0.157774675,0.866326555,0.073619038,0.225102097,0.725175619,1.569428205,-0.781226873,-0.120887898,0.3118
LH,0.204433115,0.82285194,0.046541003,0.245395616,0.781435013,1.834160447,-0.861091435,-0.116848812,0.16
BSX,0.118255161,0.874261193,0.015544041,0.266627342,0.722298563,1.654733539,-0.764230072,-0.109653682,0.2287
BLK,0.082932591,0.882591204,0.035346208,0.21881555,0.711705089,1.587079048,-0.763603091,-0.095615678,0.1874
VZ,0.112039169,0.897478185,0.140061507,0.238223657,0.762106121,1.647242785,-0.785969913,-0.136923924,0.2962
AMZN,0.105458379,0.976939367,0.013795046,0.20058547,0.736921787,1.572666526,-0.720773458,-0.076655395,0.3447
CMA,0.322196157,0.782982985,0.206390536,0.263580889,0.890675724,1.993056417,-0.987656236,-0.12649861,0.3907
DXCM,0.274330705,0.847041477,0.009810263,0.275954306,0.779290974,1.790834904,-0.854426026,-0.178654402,0.4714
EL,0.241339451,0.851895799,0.013464838,0.286872059,0.89528513,1.984662771,-0.924954772,-0.128329039,0.2941
UDR,0.152796127,0.808657874,0.0415394,0.237177148,0.705265105,1.652887344,-0.747047544,-0.160963595,0.2131
MO,0.095367316,0.87138195,0.121890542,0.296748459,0.880970955,2.096516848,-0.985735595,-0.14921768,0.194
MPWR,0.240202599,0.832992897,0.018683815,0.314248115,0.949094057,2.134102106,-1.03538835,-0.243526503,0.4158
PSA,0.093959734,0.85480115,0.043519883,0.222520337,0.822608411,1.958194613,-0.935058296,-0.18321766,0.2164
TFC,0.15992611,0.85201874,0.129934214,0.294477761,0.858083904,1.975815415,-0.933714807,-0.097075365,0.3578
HIG,0.100738745,0.830451493,0.099397591,0.286855638,0.826122165,1.910849929,-0.893966496,-0.169979736,0.1905
PCAR,0.088148443,0.855631427,0.09042615,0.299175978,0.912871361,2.06954813,-0.947763443,-0.227259263,0.2127
CPT,0.150457285,0.801281583,0.022872098,0.170770898,0.685936689,1.602913499,-0.736003041,-0.160713494,0.208
WHR,0.271747206,0.786119238,0,0.270052761,0.866202533,1.967252254,-0.877809346,-0.151553631,0.3818
HLT,0.133967229,0.85150455,0.031929133,0.241009042,0.7988801,1.835991263,-0.855246484,-0.1852047,0.2148
MTB,0.118257821,0.826852161,0.145885709,0.303816885,0.881714225,2.004570723,-0.967874348,-0.142512426,0.2807
SPGI,0.072472922,0.890307658,0.019902687,0.246165171,0.832210064,1.754165173,-0.924582601,-0.105075255,0.2213
BKNG,0.15244148,0.885077637,0.047368841,0.274978131,0.782423079,1.779517651,-0.815690756,-0.136896119,0.2832
DTE,0.14083441,0.82773753,0.061294904,0.239075735,0.813906252,1.847038031,-0.895673513,-0.110868014,0.1987
MKC,0.165457629,0.822542638,0.036753445,0.084019676,0.387374163,0.825208306,-0.355679274,-0.115230024,0.2563
OXY,0.216040701,0.862712801,0.094358138,0.265194625,0.869557619,1.971330285,-0.925818086,-0.184878543,0.2806
AVB,0.095083957,0.833841554,0.03852299,0.181289166,0.716393113,1.58232379,-0.755618274,-0.17313683,0.1855
EXPD,0.15820277,0.82131507,0.058475401,0.227726936,0.79522872,1.824237585,-0.827565372,-0.207075253,0.1903
O,0.185221516,0.848473208,0.025976563,0.213815838,0.794537127,1.873667717,-0.901137054,-0.152770251,0.1946
CTVA,0.115234079,0.846633123,0.031879884,0.212268591,0.794378161,1.734732389,-0.854893923,-0.173240751,0.2178
MA,0.05306542,0.928199286,0.029638183,0.204423621,0.561618984,1.341066718,-0.631354511,-0.089292839,0.172
XOM,0.095914325,0.932826518,0.096279027,0.199105635,0.724612951,1.696917534,-0.785734415,-0.11370644,0.2478
ROST,0.140266915,0.852649128,0.038602488,0.252796412,0.790065944,1.742415786,-0.885579407,-0.159871414,0.2004
MU,0.246551359,0.875272923,0,0.222715259,0.665268302,1.580906034,-0.73895514,-0.122106254,0.298
NOC,0.113738794,0.870776205,0.06560545,0.25367865,0.858089268,1.928027153,-0.901731491,-0.13243334,0.2638
MCK,0.115047295,0.866333022,0.054681224,0.286650419,0.742110193,1.707397342,-0.774172544,-0.075481668,0.1856
CE,0.199457828,0.812701634,0.095855588,0.314977169,0.961959898,2.170683384,-1.023292661,-0.165490925,0.2649
NCLH,0.632439709,0.783461011,0,0.187467918,0.779889524,1.726691723,-0.831358552,-0.124576233,0.4396
FDX,0.152083768,0.866567254,0.066471042,0.234761655,0.679573357,1.602616668,-0.748741865,-0.105844207,0.2185
FICO,0.147989648,0.832566236,0.017662134,0.297795266,0.880800307,1.937970042,-0.907198668,-0.156037942,0.2687
ABT,0.063370596,0.900675609,0.030926748,0.278115869,0.829195917,1.947162628,-0.912030518,-0.145768434,0.2055
MET,0.102022044,0.854785996,0,0.31092003,0.891836643,2.042348385,-1.016590834,-0.147612676,0.212
ALL,0.13604513,0.845687032,0,0.274253875,0.893915236,2.037516594,-0.954044342,-0.206485882,0.3027
REGN,0.084534798,0.879532026,0.042513885,0.336507052,0.989952326,2.187141418,-1.011082292,-0.199539483,0.1877
ADBE,0.121030793,0.917430942,0.019698962,0.290675849,0.745235085,1.714322329,-0.74253583,-0.100130334,0.2829
FTV,0.117586198,0.832312027,0.035321099,0.094443314,0.342069745,0.796211183,-0.269106388,-0.087337226,0.2365
CZR,0.268287435,0.801396696,0.07395644,0.280569553,0.714538574,1.628789186,-0.774296701,-0.16731225,0.3981
VFC,0.46362807,0.785526315,0,0.26724878,0.922042489,2.003233194,-0.949796379,-0.149882838,0.4829
COF,0.121667255,0.85146042,0.126475063,0.226949334,0.832238972,1.944177032,-0.934816718,-0.134693071,0.2888
VMC,0.129755923,0.838477453,0.030034066,0.185486212,0.699983478,1.610640407,-0.724430978,-0.164833784,0.229
TTWO,0.158942394,0.834011507,0,0.299602807,0.967599988,2.078366518,-1.019487619,-0.151493415,0.2317
GWW,0.10309614,0.85020431,0.046221603,0.255546808,0.778438032,1.738198161,-0.786207914,-0.125371486,0.2103
ADI,0.137490805,0.877241028,0.043691909,0.262601852,0.852362216,1.921054363,-0.915952146,-0.142190114,0.2343
CCL,0.506948582,0.820009826,0,0.244212732,0.734175265,1.599826694,-0.762614369,-0.125173405,0.3778
K,0.172531153,0.823359977,0.04770148,0.284208447,0.854743779,2.021299124,-0.954292297,-0.180040643,0.1909
BIIB,0.122822976,0.845610176,0.078121631,0.235734776,0.730282426,1.53529501,-0.73415947,-0.108357444,0.1882
AVGO,0.111979314,0.929440583,0.036361441,0.244160056,0.713496387,1.690020442,-0.754356623,-0.076813251,0.3052
HON,0.085295243,0.890266058,0.043440583,0.212749481,0.763778448,1.687970757,-0.811080694,-0.147864774,0.1804
DE,0.103892937,0.886247483,0.089178867,0.290600479,0.858131588,1.99732852,-0.919155121,-0.116738781,0.2427
PLD,0.064267029,0.882470941,0.02967754,0.256221026,0.760623515,1.775858045,-0.821203828,-0.142796203,0.2272
EIX,0.104499902,0.833875701,0.050858238,0.265717953,0.867276907,1.951416016,-0.876803339,-0.13131848,0.2108
WAT,0.173894209,0.817371487,0.045735281,0.274629146,0.740526915,1.743109226,-0.832696319,-0.142743781,0.2751
MOH,0.130322522,0.827764597,0.046108936,0.315177262,0.899382293,2.083505869,-1.004097819,-0.161934435,0.2333
KMI,0.12507425,0.848184201,0.066095474,0.276003003,0.924085021,2.283372402,-0.969941735,-0.119230658,0.1679
LRCX,0.163651631,0.877724728,0.045646866,0.31624791,0.817147255,1.95350647,-0.934107542,-0.152715951,0.3473
MNST,0.102787439,0.864306265,0.026410349,0.319031328,0.92370528,2.110629559,-0.889648795,-0.150741041,0.244
PFE,0.09880419,0.902567188,0.059377028,0,0,0,0,0,0.2135
MCD,0.082789014,0.906394695,0.042394111,0.254087418,0.838140011,1.954877138,-0.919392526,-0.148134127,0.1403
ACGL,0.098014371,0.842839713,0.092368044,0.234970763,0.81866914,1.797775388,-0.886930466,-0.131830096,0.219
PAYX,0.095620136,0.852327186,0.038930294,0.256568015,0.80774343,1.838802576,-0.909689009,-0.154440925,0.1842
STLD,0.170352851,0.824103324,0.141705597,0.17363216,0.6696468,1.29681778,-0.695209026,-0.112329803,0.3125
AMD,0.721972078,0.904420139,0.000968395,0.256105185,0.769261122,1.692392945,-0.812493801,-0.129582778,0.3993
PXD,0.244833897,0.862401855,0.089041383,0.24754253,0.807324171,1.88319838,-0.862972319,-0.148238868,0.2701
LKQ,0.122433544,0.808777351,0.081521737,0.242048442,0.719948828,1.681133151,-0.80115217,-0.077918991,0.2037
EPAM,0.144094811,0.815337669,0.032396534,0.250830173,0.773378909,1.699589849,-0.745782077,-0.159969062,0.3057
WFC,0.086726303,0.897369485,0.111029776,0.294838876,0.855084062,1.938966393,-0.919265985,-0.121385209,0.2194
MCHP,0.175150574,0.851965277,0.060642255,0.282579452,0.764884233,1.86416471,-0.86971885,-0.076094978,0.3184
QCOM,0.143688019,0.893359146,0.05472264,0.281296045,0.839580059,1.906187415,-0.902647555,-0.127491862,0.3119
LYB,0.120750423,0.84121374,0.075726023,0.223726064,0.925211787,2.140206337,-1.031959534,-0.248991206,0.2114
NI,0.258265138,0.804396043,0.059647721,0.289189279,0.974096179,2.153797626,-1.034626245,-0.126122743,0.239
LDOS,0.112248489,0.815268512,0.010290263,0.256243736,0.755914867,1.624560237,-0.764547408,-0.118838243,0.189
JBHT,0.158657317,0.823548983,0.042457141,0.221496359,0.696611285,1.611364841,-0.784037054,-0.085373007,0.2699
XYL,0.132785235,0.832509958,0.025513893,0.268369406,0.84364295,1.795899034,-0.858976483,-0.110662937,0.2068
ZBH,0.172700447,0.831402281,0.022220101,0.336645484,0.882238925,1.907939553,-0.91926825,-0.185975716,0.235
ON,0.306987757,0.839518224,0.075471698,0.241251096,0.760187984,1.716307163,-0.818364322,-0.101217449,0.559
LNT,0.135282342,0.811490861,0.054626084,0.222370386,0.776676595,1.705894709,-0.789551139,-0.166367799,0.1904
AWK,0.123080131,0.834486024,0.038132233,0.229437336,0.79793644,1.828392386,-0.87873292,-0.13567242,0.1987
NOW,0.110557762,0.891920746,0.012473414,0.257712722,0.781090617,1.726585746,-0.819597065,-0.129935861,0.2864
WBA,0.296057146,0.82391937,0,0.232716799,0.678876817,1.564997792,-0.775063396,-0.129935324,0.3478
KLAC,0.141936001,0.870554029,0.044095782,0.299161464,0.828651369,1.900894165,-0.877114832,-0.138678998,0.3251
DOV,0.119998185,0.824446289,0.0549535,0.285822809,0.88886869,2.020825386,-0.94016391,-0.163871646,0.1838
ADM,0.102444148,0.850108751,0.099264204,0.307616115,0.856891334,2.059304476,-0.940017879,-0.164719597,0.209
TSCO,0.225726827,0.830000995,0.05132832,0.295364559,0.90657115,2.01149416,-0.947948098,-0.223971546,0.2178
CL,0.109929696,0.866552607,0.025385433,0.261101723,0.899471104,2.101313591,-0.997820139,-0.161565945,0.1518
MAR,0.129026689,0.863377478,0.049797486,0.316333801,1.048551798,2.349689484,-1.089593649,-0.231821209,0.2117
TPR,0.385897909,0.786797955,0.141296443,0.318543583,0.888054669,1.938137531,-0.931905985,-0.132049769,0.3712
EVRG,0.184871304,0.80789582,0.065550624,0.182801783,0.720435202,1.617678881,-0.737799287,-0.139894217,0.2093
ZION,0.404463746,0.77887573,0.159656404,0.382002115,0.849536657,1.90669024,-0.989797652,-0.090074904,0.4971
AES,0.268177511,0.806265854,0,0.226063058,0.730582476,1.648506284,-0.777643442,-0.125371605,0.3559
TEL,0.102008089,0.850660217,0.047664747,0.287782788,0.843601882,1.922059655,-0.86403656,-0.197300285,0.181
VRSN,0.096368408,0.82871553,0.034289338,0.292934358,0.915044427,2.15316844,-1.002780676,-0.160063565,0.1973
ALGN,0.236294652,0.816761954,0.024377647,0.297154695,0.855811477,2.011591673,-0.915289462,-0.202327311,0.6345
HOLX,0.147752543,0.821103106,0.028270106,0.327853888,0.85911566,1.977412343,-0.898518145,-0.176437214,0.1792
PPG,0.12615405,0.841896778,0.04608259,0.24842681,0.805716217,1.782084227,-0.836199224,-0.161768064,0.2165
KDP,0.126885398,0.85415735,0.044122386,0.174793661,0.572494328,1.365987182,-0.622054756,-0.110409811,0.2105
CRL,0.202586478,0.79936687,0.054043304,0.230995297,0.682237029,1.561459064,-0.717596531,-0.161962301,0.2983
A,0.140534656,0.843522877,0.035835087,0.241640136,0.687393427,1.575882673,-0.730169654,-0.140716046,0.236
ABNB,0.321464518,0.872468905,0.071647121,0.326432526,1.025501609,2.309345484,-1.043699145,-0.232598707,0.3423
WMB,0.101443645,0.854036454,0.064066059,0.256430179,0.80002284,1.772001386,-0.787427068,-0.124722414,0.1639
PEP,0.07959081,0.912316473,0.035963918,0.290022701,0.769903183,1.830851793,-0.827373981,-0.143152416,0.1793
EQT,0.261791608,0.821688971,0.17548259,0.258866489,0.856290817,1.982441187,-0.914111316,-0.185306042,0.3008
IQV,0.13804209,0.848062681,0.030036046,0.239788443,0.793495178,1.747013688,-0.840353191,-0.128588364,0.2228
CTSH,0.131227262,0.844702526,0.062118445,0.232808352,0.882519126,1.946128368,-0.99089241,-0.165227994,0.2104
CNP,0.146734525,0.82142991,0.046909902,0.248440892,0.860877812,1.933940411,-0.875646353,-0.184119031,0.1944
GM,0.216576538,0.850120942,0.252177064,0.250561625,0.921343744,2.125782967,-1.027186275,-0.177787855,0.2638
TDG,0.086295626,0.85865851,0.02104534,0.237706289,0.670547247,1.511283636,-0.699710846,-0.142858192,0.1785
DVN,0.275489013,0.840322981,0.160706207,0.1916347,0.764513493,1.725991368,-0.780528009,-0.100219779,0.3304
OTIS,0.09720908,0.84487873,0.040692639,0.317530245,0.860271752,2.071390629,-0.915173531,-0.170889154,0.1612
FLT,0.129933808,0.822309901,0.052644987,0.299749434,0.870030105,1.834601045,-0.874809206,-0.107037313,0.232
INVH,0.093591198,0.826495817,0.02540489,0.238841847,0.701973975,1.670431137,-0.723471463,-0.154420465,0.1945
MSFT,0.062723695,0.998174741,0.028689424,0.24501045,0.734390855,1.726869464,-0.805052876,-0.111562371,0.2301
UAL,0.439192814,0.810674115,0.228969495,0.33989197,0.889246225,1.979831576,-0.93689543,-0.179650158,0.3243
GOOGL,0.095645527,0.980965535,0.039820995,0.223372087,0.753915608,1.644582033,-0.741062522,-0.120181233,0.3025
ED,0.122112025,0.842382904,0.07543978,0.262099057,0.850608468,1.947862029,-0.892395079,-0.12195871,0.1938
FITB,0.162453234,0.822186592,0.137701059,0.25705412,0.815332472,1.7309618,-0.900462031,-0.143602178,0.2951
HAS,0.276245538,0.786094921,0,0.268116117,0.737390101,1.750739217,-0.78075695,-0.114260606,0.3711
L,0.069991269,0.815907093,0.101170308,0.300328046,0.860670686,1.969660282,-0.948305368,-0.11529623,0.1372
TFX,0.133392062,0.802247622,0.040951718,0.198395401,0.664533973,1.53550458,-0.707339406,-0.115017727,0.2217
ENPH,0.654556068,0.804658941,0.052275681,0.273524463,0.814419389,1.853615642,-0.826657057,-0.163857326,0.5752
DHI,0.166047626,0.85233518,0.118791567,0.301090717,0.959934056,2.28058815,-1.06889534,-0.240549728,0.2936
STE,0.069135011,0.827783665,0.005913144,0.202265516,0.676324248,1.644447446,-0.769569457,-0.138104811,0.1841
AIG,0.088647713,0.855029881,0.090923622,0.212143168,0.731311798,1.541367054,-0.709380627,-0.084770843,0.1809
TSLA,0.771000932,0.951409115,0.014092117,0.241380468,0.839413762,1.941381574,-0.897266388,-0.1461467,0.5063
TRV,0.115297841,0.849963865,0.055054577,0.257083207,0.80805403,1.797698855,-0.875855327,-0.145028844,0.1872
SYK,0.082389895,0.884980343,0.024310358,0.345370501,0.865605235,2.056110144,-0.974686503,-0.115157492,0.2387
TMUS,0.083641237,0.901716807,0.043848879,0.205284029,0.714951575,1.606275439,-0.766729772,-0.137075081,0.1664
HD,0.059875341,0.921086084,0.054203841,0.264683366,0.826509416,1.858690619,-0.833472431,-0.131670669,0.1604
CHRW,0.180144698,0.801149354,0.041646192,0.238430262,0.724111497,1.742548823,-0.718641281,-0.121871211,0.2062
HUM,0.170073389,0.865500986,0.050608279,0.340955913,1.084342837,2.426147461,-1.131308436,-0.159604549,0.2087
MAA,0.121098103,0.816525011,0.040677968,0.165487468,0.729386806,1.639099717,-0.805562556,-0.146356449,0.1941
URI,0.214074671,0.840786553,0.079072749,0.271531016,0.817303419,1.973510265,-0.949766695,-0.142916933,0.3162
CBOE,0.141655486,0.824392913,0.037875741,0.279101282,0.872049332,2.078929186,-0.929017901,-0.199938774,0.1587
MPC,0.186554307,0.862961428,0.180069673,0.25902161,0.781791508,1.810160279,-0.815002382,-0.166791558,0.227
NXPI,0.164329564,0.85711968,0.058358328,0.194547549,0.785416961,1.789657593,-0.820473015,-0.080439791,0.3033
AFL,0.083339009,0.857055328,0.090388453,0.316039532,0.975385547,2.228283167,-1.065956593,-0.16880542,0.1646
PM,0.051401967,0.894990709,0.057317075,0.223631889,0.832741559,1.842134356,-0.800890744,-0.11295522,0.1631
LHX,0.141075395,0.846037808,0.043032673,0.311748415,0.819549561,1.82491827,-0.84539777,-0.126969859,0.2664
ALK,0.332421428,0.773875601,0.059846704,0.247744635,0.962210059,2.099836111,-1.066192508,-0.173603192,0.2981
HCA,0.096835859,0.866567461,0.08827467,0.253784001,0.809591353,1.863181591,-0.92089802,-0.122081742,0.2185
HSY,0.193872767,0.850135934,0.04909533,0.293102115,0.887032628,2.062734604,-0.948920608,-0.111744583,0.1688
STX,0.27861437,0.817310939,0,0.276018411,0.935194433,2.164263964,-0.990990162,-0.160982147,0.3721
CVX,0.095416167,0.918353667,0.092907307,0.22676079,0.656057656,1.594754457,-0.747186482,-0.102445841,0.2397
LW,0.304166433,0.814156354,0.073010484,0.304828048,0.962264121,2.203477621,-0.981335819,-0.20567216,0.3227
DFS,0.212792597,0.829652307,0.156983641,0.214694738,0.777248561,1.707768917,-0.817437172,-0.09027119,0.4353
OMC,0.14189662,0.817223864,0.090392498,0.311214596,0.954327047,2.128825665,-1.030117869,-0.135488823,0.2675
HPQ,0.165201205,0.837450213,0.08563028,0.283829361,0.872428298,1.92313385,-0.920334041,-0.152075395,0.2409
HUBB,0.260601588,0.817306091,0.046830588,0.270229697,0.852579594,1.950691819,-0.85676229,-0.188163266,0.2651
ATO,0.115084764,0.820092173,0.052804977,0.243133351,0.802368343,1.8412323,-0.896573186,-0.131788954,0.1712
ANSS,0.109397584,0.834806179,0.019342023,0.293538004,0.910718799,2.074271441,-0.923102915,-0.133975908,0.2576
CCI,0.163114984,0.853145363,0.036822505,0.219133854,0.728136241,1.72548914,-0.810886323,-0.109543465,0.2713
FDS,0.132726042,0.821320478,0.027191347,0.261616439,0.8352198,1.856171131,-0.900143921,-0.141308904,0.1749
POOL,0.192670926,0.812040971,0.041938658,0.318452865,1.028220296,2.337269068,-1.01739645,-0.149187475,0.2739
DD,0.118525427,0.841145026,0.028358428,0.283425301,0.758169413,1.650132656,-0.777186751,-0.152200639,0.1703
ANET,0.145500986,0.868373291,0.028625954,0.262373328,0.691258848,1.609478116,-0.724097788,-0.163795054,0.4742
RVTY,0.129699804,0.804978071,0.019950711,0.327431709,0.876771152,1.851069093,-0.847326458,-0.151099816,0.3766
CAT,0.1062591,0.889969264,0.057576016,0.28484571,0.823855579,1.921849847,-0.885724604,-0.207067341,0.2619
VLO,0.228138189,0.853267115,0.235811811,0.233142182,0.816588402,1.857646823,-0.873735964,-0.150293753,0.2884
TXN,0.110915812,0.893118585,0.052816414,0,0,0,0,0,0.2238
F,0.269977256,0.851974128,0.150248759,0.262434244,0.795351803,1.762178183,-0.840662897,-0.193038791,0.3245
DLTR,0.230254689,0.835254867,0.048444716,0.278012067,0.782733858,1.704674125,-0.816881418,-0.170661971,0.3223
GS,0.123557117,0.885230695,0.063871085,0.276725709,0.860764563,1.942508936,-0.999571919,-0.130659461,0.2154
PCG,0.136319086,0.853222999,0.05148395,0.262161791,0.710345685,1.681501269,-0.780061483,-0.08408504,0.2165
DRI,0.199610686,0.823173181,0.054242569,-0.065991096,0.344881326,0.792542517,-0.22175999,-0.101907618,0.1745
JPM,0.065780225,0.933177278,0.115740741,0.204444945,0.734328806,1.635318995,-0.826706827,-0.113335185,0.1606
GILD,0.088087275,0.882440102,0.055455711,0.265277982,0.837018192,1.905627728,-0.948792338,-0.176743507,0.1965
AEP,0.13066697,0.852417744,0.05553423,0.247057915,0.793019712,1.872646451,-0.903519273,-0.130419523,0.2036
NTRS,0.138752583,0.815943042,0.075126174,0.25241062,0.749886215,1.760204196,-0.831692636,-0.106662124,0.3608
WAB,0.089288776,0.82661856,0.03815609,0.319376796,0.956781328,2.181010485,-1.030631542,-0.203128532,0.2014
PG,0.049143785,0.927370136,0.040930606,0.266134411,0.742514193,1.836165905,-0.821513236,-0.115980014,0.1379
GL,0.112689725,0.805936861,0.080784319,0.313717335,1.007221341,2.212034941,-1.035058022,-0.171971962,0.1514
DVA,0.246545553,0.794035571,0.05954487,0.181321815,0.690934479,1.586927652,-0.762984216,-0.125490665,0.4545
BKR,0.13367764,0.846920946,0.048014223,0.303274959,0.847936213,1.965506077,-0.881286442,-0.150412291,0.2193
CME,0.080614041,0.874029684,0.039284874,0.227954283,0.807109773,1.843080044,-0.848281562,-0.112061478,0.1531
FI,0.084589859,0.871969035,0.039623746,0.312026173,0.931484759,2.03051281,-0.962146699,-0.12193194,0.1771
CMI,0.110867686,0.842272244,0.090073106,0.297095329,0.841409504,1.856348872,-0.849637926,-0.163392887,0.2208
APH,0.082719791,0.859736888,0.03651949,0.283659071,0.70639801,1.673595786,-0.822966754,-0.15867874,0.1765
AEE,0.120606619,0.827919185,0.054775102,0.097939998,0.561536193,1.140777826,-0.531210899,-0.09821935,0.1994
ISRG,0.109640432,0.882493031,0.015327602,0.280470073,0.747537613,1.683553219,-0.790115893,-0.162534714,0.2988
LLY,0.066206719,0.945012844,0.009012647,0.319000334,1.055601835,2.358482361,-1.084403515,-0.206910491,0.3397
FRT,0.136428209,0.794173828,0.036410367,0.131246343,0.776157856,1.757033229,-0.834639609,-0.138710722,0.2061
IFF,0.178130261,0.824062847,0.000844832,0.260222316,0.953568637,2.08667326,-1.036491752,-0.215785384,0.458
REG,0.123094216,0.807737881,0.034289482,0.210636139,0.775875509,1.807229519,-0.845032215,-0.144721448,0.186
IEX,0.142271381,0.816366235,0.041855144,0.274861842,0.822051883,1.873379707,-0.897481382,-0.160474077,0.1952
MHK,0.231119157,0.780653895,0,0.226185337,0.695456147,1.746284962,-0.808074653,-0.180945352,0.3042
SEE,0.295698388,0.777962758,0.062928722,0.265542567,0.731788158,1.666306853,-0.789895535,-0.132156864,0.3568
MKTX,0.252703584,0.797700557,0.029012152,0.267224133,0.745534003,1.762671351,-0.815939724,-0.126807094,0.3706
GOOG,0.077066248,0.980960439,0.039471712,0.223372087,0.753915608,1.644582033,-0.741062522,-0.120181233,0.3037
HSIC,0.149282805,0.796385834,0.054233014,0.30739966,0.891096652,2.058376551,-0.900677264,-0.14221929,0.1715
EG,0.148115055,0.820509675,0.142418758,0.222446978,0.72123909,1.649611712,-0.789841056,-0.088863589,0.2149
EA,0.155574149,0.847056208,0.027918004,0.258629143,0.714782417,1.674965739,-0.784325361,-0.138849959,0.2187
SBUX,0.111862064,0.889498249,0.034228187,0.259342015,0.90541172,2.031309128,-0.965612054,-0.175630748,0.1724
NUE,0.11503643,0.849936863,0.127811185,0.215922937,0.73170197,1.753814459,-0.890430868,-0.11655549,0.2859
KMX,0.262235724,0.804454324,0.043539324,0.247041538,0.759856761,1.773352385,-0.853450775,-0.116009839,0.3575
ECL,0.075141098,0.859438143,0.024336407,0.243908197,0.661682487,1.611393213,-0.75734365,-0.148574263,0.1555
BA,0.171014269,0.888721422,0,0.250473499,0.844742179,1.8665905,-0.878179073,-0.165044814,0.2726
EFX,0.129601984,0.831586162,0.023202863,0.270247728,0.833481014,1.799665928,-0.905958951,-0.135503516,0.2852
EXC,0.11058579,0.851014918,0.05381506,0.249358237,0.966194928,2.244416714,-1.06361568,-0.156875238,0.1755
MRNA,0.232633896,0.83784992,0,0,0,0,0,0,0.4666
BXP,0.191508621,0.798959852,0.074417763,0.219448388,0.725588262,1.686282873,-0.815386832,-0.176776558,0.345
ORLY,0.135485433,0.864286691,0.039334497,0.248424172,0.709596872,1.650269508,-0.766349018,-0.153513581,0.2148
CAG,0.190348573,0.812855047,0.081081083,0.277761042,0.862336218,2.016335011,-0.919027865,-0.173523024,0.1921
GEN,0.110939084,0.810326596,0.119047619,0.322170913,0.978258729,2.082454443,-0.938290298,-0.179022253,0.2821
HPE,0.166087792,0.827812545,0.052096569,0.312607557,1.170211673,2.449208021,-1.193949223,-0.16280748,0.2666
TER,0.203243814,0.812883201,0.024658489,0.22704871,0.788858235,1.710644484,-0.808770776,-0.101104774,0.2964
IT,0.125752606,0.842709616,0.029366303,0.245597899,0.701124489,1.57660532,-0.738547683,-0.082728758,0.1824
NWS,0.137720124,0.810863142,0.011659193,0.228754267,0.64342916,1.42668581,-0.686995506,-0.105277292,0.2349
WTW,0.132178108,0.833730457,0.040500702,0.290406138,0.929200411,1.994236231,-0.927695572,-0.164214313,0.2876
CSCO,0.087287841,0.909996486,0.057735851,0.270182729,0.766641021,1.703397751,-0.781770408,-0.107723773,0.1695
SNPS,0.105127129,0.874126598,0.01341473,0.266799986,0.780686617,1.773885369,-0.829198897,-0.163270697,0.2321
CINF,0.088380635,0.818608547,0.106069712,0.275993258,0.88989526,1.918492675,-0.896486998,-0.210191816,0.2138
CSX,0.137448546,0.865480162,0.062232467,0.218517244,0.729103804,1.624206543,-0.730174184,-0.132805794,0.1956
BF.B,0.098277217,0.83931975,0.027247956,0.340670735,0.976317704,2.101992607,-0.988720179,-0.142972246,0.2309
SWK,0.192655263,0.812838308,0,0.250436515,0.692443013,1.566529036,-0.729730189,-0.14024727,0.2959
PTC,0.126913221,0.82302529,0.013834123,0.307090789,0.860502541,1.943712473,-0.859043479,-0.129810154,0.1965
FOX,0.091079653,0.815655922,0.071631201,0.222306788,0.696684659,1.591591597,-0.73416543,-0.129009694,0.2251
AMP,0.091243887,0.845273379,0.062405966,0.342275888,0.934479177,2.162211657,-1.020928264,-0.139060676,0.1946
STT,0.138283921,0.828408774,0.102313702,0.294499546,0.806228399,1.818946004,-0.890435755,-0.085940681,0.313
AXP,0.084370719,0.887050371,0.069668647,0.243799433,0.849143803,1.89066577,-0.894771039,-0.136923909,0.211
PANW,0.229890471,0.873186593,0.00543388,0.233196229,0.710720062,1.608286262,-0.72060293,-0.126006573,0.4235
BBWI,0.303909551,0.791427848,0.095569622,0.315820783,0.920050979,2.014185667,-0.974754691,-0.170290142,0.3598
CRM,0.098640379,0.908411993,0.007707949,0.281351924,0.748907685,1.711035967,-0.800103247,-0.11224293,0.2297
CMG,0.18318981,0.863839233,0.020211132,0.231536344,0.748904884,1.725972176,-0.834241331,-0.129424006,0.268
YUM,0.115110028,0.84708918,0.041557198,0.220775113,0.655211151,1.488360286,-0.664815307,-0.085087679,0.1538
EMN,0.150645701,0.799583114,0.06502036,0.235812381,0.776106775,1.794036627,-0.844233632,-0.121125199,0.2695
UNP,0.081114066,0.89247138,0.048773586,0.247467399,0.635396898,1.591837525,-0.737730622,-0.109256916,0.2321
TRMB,0.11802801,0.804500704,0.032603521,0.299584985,0.758677065,1.738932014,-0.793518066,-0.15490438,0.2645
KMB,0.104351848,0.85207761,0.042930546,0.276626676,0.870689332,2.061126471,-0.917818964,-0.136448637,0.1501
CLX,0.276354194,0.820135943,0.005305844,0.2960805,0.80809325,1.947450995,-0.885115325,-0.16913335,0.2551
HES,0.179372363,0.854686794,0.033174682,0.182437673,0.645373821,1.456448078,-0.623113394,-0.110615641,0.3028
FFIV,0.143724045,0.800148801,0.042479467,0.181714475,0.718787551,1.556648135,-0.6994133,-0.081724957,0.2109
SWKS,0.208792354,0.814963636,0.069283279,0.303480715,1.056978583,2.308218241,-1.141874433,-0.238342643,0.2699
BMY,0.126925803,0.885831312,0.074399088,0.304873705,0.981212318,2.193560839,-1.076515675,-0.185984001,0.2035
PYPL,0.287206134,0.865077116,0.060820621,0.232239574,0.747698069,1.635073185,-0.739759684,-0.103325821,0.3832
JNPR,0.218443673,0.79806573,0.04099888,0.323925704,0.894334674,2.12022233,-0.929629028,-0.145437419,0.2643
EQIX,0.079163113,0.871650061,0.012172013,0.250293851,0.880907714,1.931778312,-0.916026056,-0.190515861,0.2424
FSLR,0.416453319,0.817084461,0.031488066,0.21622014,0.718286455,1.61653161,-0.698881209,-0.178828925,0.4196
SHW,0.113674713,0.868522256,0.036705844,0.223786458,0.76936698,1.871328235,-0.879112959,-0.18862766,0.1982
LMT,0.106366641,0.886753381,0.06135025,0.262198597,0.742142975,1.652299643,-0.752416968,-0.066179499,0.217
AMGN,0.095096571,0.896737233,0.051086873,0.281955481,0.979414165,2.190719128,-1.060687423,-0.169576719,0.2251
SNA,0.088830869,0.814990518,0.068766942,0.265139401,0.700247288,1.656356215,-0.761419713,-0.137483045,0.2069
TGT,0.219569686,0.85956896,0.066454257,0.270793051,0.928423822,2.029395342,-1.027528524,-0.189754009,0.2349
FMC,0.32203126,0.78943448,0.086417405,0.27737394,0.89939183,2.142758846,-0.981657863,-0.151416212,0.4153
BBY,0.211778425,0.815209531,0.088833283,0.24047181,0.616690099,1.395576954,-0.703957438,-0.127172813,0.2294
CDW,0.093573433,0.839434384,0.037652908,0.290359735,0.847415626,1.978913903,-0.959690869,-0.127738103,0.1837
V,0.069218476,0.939512021,0.034110941,0.210095391,0.770810902,1.643183947,-0.773235917,-0.07485915,0.1443
COP,0.084286988,0.894907929,0.078025341,0.241412506,0.831852973,1.833545089,-0.860943496,-0.147434458,0.2499
LULU,0.335137995,0.859849529,0.019602577,0.269707799,0.739631772,1.651209235,-0.767008543,-0.147035018,0.2986
TDY,0.119549759,0.823204551,0.043666511,0.326220483,0.888636649,1.95876646,-0.939085424,-0.173416659,0.2161
WDC,0.281899438,0.814788985,0,0.249276862,0.838988245,1.901474714,-0.890816689,-0.164213717,0.3747
HWM,0.118521599,0.827288779,0.031650806,0.253029644,0.787391067,1.757950425,-0.738764226,-0.210610449,0.1837
VTRS,0.147199072,0.8067755,0.164858996,0.293771148,0.89988941,2.062772989,-0.958365381,-0.148646086,0.2402
COO,0.125163307,0.820455264,0.01656296,0.289728165,0.740894854,1.784922838,-0.8402192,-0.13269724,0.1971
SCHW,0.115546412,0.883488509,0.054280506,0.256429046,0.804525793,1.871508956,-0.930835307,-0.145849541,0.3503
SLB,0.114651173,0.875501309,0.051388629,0.31155923,1.07727325,2.510144472,-1.157063365,-0.223007634,0.2926
XEL,0.164574734,0.844582585,0.052809748,0.224257007,0.744218886,1.764671922,-0.823306978,-0.107219003,0.1912
DHR,0.08440783,0.896312195,0.040900314,0.295565605,0.834328949,1.903985143,-0.879223764,-0.133555904,0.2319
UHS,0.191992308,0.799129889,0.073676906,0.273800671,0.965839326,2.08351922,-1.001173735,-0.159117803,0.236
WY,0.097144076,0.831046861,0.028439154,0.257129192,0.913051605,2.124421597,-0.96605438,-0.180277795,0.1611
NKE,0.145637329,0.900345902,0.030167293,0.26532802,0.764648318,1.742833972,-0.837330043,-0.110996664,0.2321
JCI,0.132509253,0.84624049,0.058474916,0.183626086,0.644156992,1.509780169,-0.723306656,-0.139300689,0.2436
OKE,0.177803838,0.849484124,0.083451201,0.293206841,0.867311597,1.962226272,-0.90902698,-0.153737321,0.2078
DG,0.399316795,0.83656743,0.082621794,0.208615214,0.730419338,1.595491767,-0.759313583,-0.136394784,0.3792
QRVO,0.262944213,0.797539259,0,0.222579345,0.749654055,1.788679361,-0.788089693,-0.11223916,0.2799
MSCI,0.087831877,0.851244869,0.02372371,0.207212731,0.696883976,1.727321386,-0.79937607,-0.15727438,0.2423
CFG,0.244177395,0.809314325,0.156748362,0.244942516,0.794042885,1.778149962,-0.887970328,-0.146399125,0.3518
FE,0.129124801,0.827952435,0.026618101,0.197812885,0.731103063,1.70748198,-0.837967515,-0.121848226,0.1979
ES,0.156034398,0.826266774,0.059795294,0.237568513,0.777062058,1.750374913,-0.792042255,-0.151831403,0.254
GRMN,0.074266316,0.831260825,0.046088903,0.282248974,0.992764652,2.222136736,-1.058778644,-0.195368901,0.1542
ADSK,0.121977809,0.85480643,0.01976514,0,0,0,0,0,0.2463
GE,0.087111835,0.890727388,0.084409313,0.296681255,0.913005352,2.052773714,-0.954092681,-0.182599127,0.2521
GPN,0.134267076,0.839998353,0.029489395,0.276646107,0.892884195,2.00012207,-0.914675236,-0.118074052,0.2881
SYY,0.107304836,0.845432907,0.053558109,0.258854508,0.798985541,1.874715805,-0.840083539,-0.141231537,0.1724
KR,0.131643283,0.843068054,0.051059948,0.33061704,1.044596791,2.303604603,-1.104147196,-0.247487128,0.1792
PSX,0.141586628,0.859414511,0.144173155,0.219160974,0.77721709,1.760930181,-0.793014109,-0.153935015,0.2269
CB,0.085832938,0.879422143,0.07775901,0.228265479,0.771274507,1.728660941,-0.822927177,-0.121258818,0.2027
EXPE,0.355803937,0.818328434,0.049502402,0.2718665,0.762580872,1.786310434,-0.823658168,-0.149907038,0.4247
PNW,0.146090227,0.795674805,0.058491901,0.253979355,0.892747223,1.917518377,-0.892597735,-0.167753801,0.1896
EBAY,0.199617819,0.829256285,0.059824785,0.177066103,0.5914886,1.378321052,-0.690149009,-0.082428277,0.2996
PEG,0.107881295,0.842517219,0.089803858,0.232619867,0.842330813,1.895875692,-0.957874417,-0.177660391,0.194
NFLX,0.26725085,0.905859259,0.022901637,0.287603348,0.827091396,1.978001833,-0.924075902,-0.144998297,0.4202
FIS,0.155796383,0.84327749,0,0.262608677,0.758780718,1.710981846,-0.809643447,-0.122468986,0.2575
STZ,0.110453869,0.854901245,0.035362319,0.271993726,0.91423136,2.002271652,-1.00666678,-0.174903914,0.1897
ALB,0.417958398,0.814604051,0.242248549,0.245840356,0.828970313,1.945807695,-0.941085398,-0.107196346,0.3987
ARE,0.130995798,0.822776942,0.013508105,0.221479326,0.714481711,1.67638886,-0.791546643,-0.111004069,0.2813
ODFL,0.124485244,0.853519019,0.028963222,0.242468938,0.744454741,1.611276627,-0.720202923,-0.145898625,0.2823
D,0.146915617,0.849919293,0.045058772,0.256763697,0.963325679,2.264890194,-1.00298059,-0.210685402,0.2417
PNR,0.142427083,0.803466281,0.050659716,0.192379132,0.704120338,1.694599748,-0.789562404,-0.134682059,0.2404
PNC,0.11007435,0.857807768,0.118992181,0.314219356,0.841671944,1.947159886,-0.960250616,-0.094329834,0.253
FOXA,0.293595681,0.815547508,0.06649197,0.222306788,0.696684659,1.591591597,-0.73416543,-0.129009694,0.2362
PGR,0.083614634,0.880642218,0.029128049,0.325592667,0.978608668,2.199971199,-1.017037511,-0.179722488,0.3735
MCO,0.072383838,0.86657481,0.024503291,0.310199857,1.004360557,2.194084644,-1.023696184,-0.140772477,0.1955
PHM,0.231643129,0.822692213,0.150079572,0.266910106,0.986329854,2.204286814,-1.026752353,-0.182660073,0.3286
INCY,0.15462295,0.809646421,0.034776174,0.306902379,0.957371414,2.204958677,-1.053958654,-0.174076766,0.2049
WRB,0.089277078,0.822488774,0.07319587,0.252357274,0.84124893,1.792834163,-0.828749001,-0.138423741,0.1955
CDNS,0.095467134,0.87069112,0.013962559,0.293521136,0.921935678,2.048507452,-0.985540569,-0.177783862,0.2448
AKAM,0.244502965,0.820991008,0.027677279,0.233841002,0.67353195,1.476439476,-0.667646468,-0.110461779,0.2071
NVDA,0.423980897,0.96843118,0.008889079,0.200243607,0.652180433,1.455266595,-0.704458714,-0.131507427,0.3915
ILMN,0.221206214,0.822517244,0,0.245696038,0.806579471,1.851406097,-0.851349771,-0.19176133,0.313
CF,0.226994692,0.818033102,0.133491806,0.241946012,0.803004563,1.785568237,-0.814984143,-0.138834327,0.3117
BALL,0.137370941,0.81909251,0.038007599,0.328647166,0.848909378,2.043007851,-0.940037012,-0.170258895,0.3105
APA,0.254529196,0.808200861,0.132116589,0.344939262,1.026602149,2.339360476,-1.053110003,-0.2361736,0.3488
SPG,0.097058879,0.854623115,0.057519051,0.210247844,0.817689955,1.784594536,-0.847473145,-0.143475011,0.1947
MTD,0.146696047,0.831544985,0.038544514,0.244453192,0.710683525,1.651781678,-0.731853545,-0.157426879,0.2479
NVR,0.156244944,0.824898168,0.081669728,0.26752913,0.877841532,1.984876275,-0.926894963,-0.180155441,0.2547
DPZ,0.341239655,0.812023947,0.039694494,0.16787827,0.754073322,1.653373361,-0.799313545,-0.190206662,0.289
NRG,0.281655682,0.804274275,0,0.251282394,0.786754668,1.737014532,-0.778501689,-0.136134878,0.2268
DOW,0.12011163,0.846081682,0.03747412,0.231246665,0.942861557,2.096865416,-1.003437161,-0.176051602,0.2012
EW,0.135315808,0.851747006,0.035024156,0.265096754,0.793426573,1.833122373,-0.89847815,-0.167534322,0.2975
KEYS,0.166695598,0.830702012,0.050805356,0.241481349,0.758532465,1.745283604,-0.769910336,-0.16968739,0.3078
ZTS,0.080437111,0.874786223,0.029437586,0.247214928,0.849404097,1.936125278,-0.953524232,-0.168321759,0.2425
CMS,0.170261173,0.819699912,0.046028881,0.208140224,0.759693265,1.723328829,-0.813281357,-0.087875552,0.2041
IP,0.164611062,0.808679029,0.064064362,0.263151705,1.140729785,2.547561646,-1.145633698,-0.294368804,0.2257
SRE,0.085163334,0.855159965,0.060825179,0.245354801,0.868097663,2.035903692,-0.950937748,-0.127184778,0.1898
WM,0.074331737,0.870098118,0.033241321,0.371892482,0.937859237,2.094749451,-0.974375248,-0.111089811,0.1793
MMM,0.134289546,0.859901014,0,0.245663613,0.784546733,1.871211052,-0.849433899,-0.139911577,0.2774
CTRA,0.166737616,0.827638021,0.147693458,0.271487206,0.869132936,1.95881331,-0.884838164,-0.197831124,0.2453
RF,0.20322936,0.815747263,0.156721315,0.319176257,0.91309762,2.014321089,-1.005330205,-0.147145733,0.3387